id,"file name","doc name"
20160710002,尼伯特颱風各單位通報公所事項1050710.doc,20160710002.doc
20160710001,尼伯特颱風各單位通報公所事項1050710.pdf,20160710001.pdf
20160709016,臺東縣災害應變中心尼伯特颱風處置報告第二十四報.pdf,20160709016.pdf
20160709015,臺東縣災害應變中心尼伯特颱風處置報告第二十四報.docx,20160709015.docx
20160709014,臺東縣災害應變中心尼伯特颱風處置報告第二十三報.pdf,20160709014.pdf
20160709013,臺東縣災害應變中心尼伯特颱風處置報告第二十三報.doc,20160709013.doc
20160709012,尼伯特颱風災害應變中心第四次工作會報會議記錄1050709.pdf,20160709012.pdf
20160709011,尼伯特颱風災害應變中心第四次工作會報會議記錄1050709.doc,20160709011.doc
20160709010,臺東縣災害應變中心尼伯特颱風處置報告第二十二報.pdf,20160709010.pdf
20160709009,臺東縣災害應變中心尼伯特颱風處置報告第二十二報.docx,20160709009.docx
20160709008,臺東縣災害應變中心尼伯特颱風處置報告第二十一報.pdf,20160709008.pdf
20160709007,臺東縣災害應變中心尼伯特颱風處置報告第二十一報.docx,20160709007.docx
20160709006,臺東縣災害應變中心尼伯特颱風處置報告第二十報.pdf,20160709006.pdf
20160709005,臺東縣災害應變中心尼伯特颱風處置報告第二十報.docx,20160709005.docx
20160709004,臺東縣災害應變中心尼伯特颱風處置報告第十九報.pdf,20160709004.pdf
20160709003,臺東縣災害應變中心尼伯特颱風處置報告第十九報.docx,20160709003.docx
20160709002,臺東縣災害應變中心尼伯特颱風處置報告第十八報.pdf,20160709002.pdf
20160709001,臺東縣災害應變中心尼伯特颱風處置報告第十八報.doc,20160709001.doc
20160708020,臺東縣災害應變中心尼伯特颱風處置報告第十七報.pdf,20160708020.pdf
20160708019,臺東縣災害應變中心尼伯特颱風處置報告第十七報.doc,20160708019.doc
20160708018,臺東縣災害應變中心尼伯特颱風處置報告第十六報.pdf,20160708018.pdf
20160708017,臺東縣災害應變中心尼伯特颱風處置報告第十六報.docx,20160708017.docx
20160708016,臺東縣災害應變中心尼伯特颱風處置報告第十五報.pdf,20160708016.pdf
20160708015,臺東縣災害應變中心尼伯特颱風處置報告第十五報.docx,20160708015.docx
20160708014,臺東縣災害應變中心尼伯特颱風處置報告第十四報.pdf,20160708014.pdf
20160708013,臺東縣災害應變中心尼伯特颱風處置報告第十四報.doc,20160708013.doc
20160708012,"尼伯特颱風災害應變中心第三次工作會報會議記錄 1050708.pdf",20160708012.pdf
20160708011,"尼伯特颱風災害應變中心第三次工作會報會議記錄 1050708.doc",20160708011.doc
20160708010,臺東縣災害應變中心尼颱風伯特處置報告第十三報.pdf,20160708010.pdf
20160708009,臺東縣災害應變中心尼伯特颱風處置報告第十三報.doc,20160708009.doc
20160708008,臺東縣災害應變中心尼伯特颱風處置報告第十二報.pdf,20160708008.pdf
20160708007,臺東縣災害應變中心尼伯特颱風處置報告第十二報.doc,20160708007.doc
20160708004,臺東縣災害應變中心尼伯特颱風處置報告第十一報.pdf,20160708004.pdf
20160708003,臺東縣災害應變中心尼伯特颱風處置報告第十一報.doc,20160708003.doc
20160708002,臺東縣災害應變中心尼伯特颱風處置報告第十報.pdf,20160708002.pdf
20160708001,臺東縣災害應變中心尼伯特颱風處置報告第十報.docx,20160708001.docx
20160707017,臺東縣災害應變中心尼伯特颱風處置報告第九報.pdf,20160707017.pdf
20160707016,臺東縣災害應變中心尼伯特颱風處置報告第九報.docx,20160707016.docx
20160707015,臺東縣災害應變中心尼伯特颱風處置報告第八報.pdf,20160707015.pdf
20160707014,臺東縣災害應變中心尼伯特颱風處置報告第八報.docx,20160707014.docx
20160707013,臺東縣災害應變中心尼伯特颱風處置報告第七報(word).doc,20160707013.doc
20160707012,臺東縣災害應變中心尼伯特颱風處置報告第七報(pdf).pdf,20160707012.pdf
20160707011,臺東縣災害應變中心尼伯特颱風處置報告第六報.pdf,20160707011.pdf
20160707010,臺東縣災害應變中心尼伯特颱風處置報告第六報.docx,20160707010.docx
20160707009,1050706尼伯特颱風災害應變中心第二次工作會報會議記錄.docx.pdf,20160707009.pdf
20160707008,1050706尼伯特颱風災害應變中心第二次工作會報會議記錄.docx,20160707008.docx
20160707006,臺東縣災害應變中心尼伯特颱風處置報告第五報.pdf,20160707006.pdf
20160707005,臺東縣災害應變中心尼伯特颱風處置報告第五報.docx,20160707005.docx
20160707004,臺東縣災害應變中心尼伯特颱風處置報告第四報.pdf,20160707004.pdf
20160707003,臺東縣災害應變中心尼伯特颱風處置報告第四報.doc,20160707003.doc
20160707002,臺東縣災害應變中心尼伯特颱風處置報告第三報.pdf,20160707002.pdf
20160707001,臺東縣災害應變中心尼伯特颱風處置報告第三報.docx,20160707001.docx
20160706006,0706尼伯特颱風處置報告第二報(word).doc,20160706006.doc
20160706005,0706尼伯特颱風處置報告第二報(pdf).pdf,20160706005.pdf
20160706004,1050706尼伯特颱風災害應變中心第一次工作會報會議記錄.pdf,20160706004.pdf
20160706003,1050706尼伯特颱風災害應變中心第一次工作會報會議記錄.doc,20160706003.doc
20160706002,0706尼伯特颱風處置報告第一報.pdf,20160706002.pdf
20160706001,0706尼伯特颱風處置報告第一報.doc,20160706001.doc
